submission_id,label,comment_ditribution,comment_percentage
hv6bnn,1,25,46.2962962962963
hv6bnn,0,16,29.629629629629626
hv6bnn,-1,13,24.074074074074073
gyco91,1,46,45.09803921568628
gyco91,0,38,37.254901960784316
gyco91,-1,18,17.647058823529413
diy9m1,1,64,46.715328467153284
diy9m1,0,49,35.76642335766424
diy9m1,-1,24,17.51824817518248
hu25hq,1,81,44.02173913043478
hu25hq,0,61,33.15217391304348
hu25hq,-1,42,22.82608695652174
5qrthq,1,89,44.94949494949495
5qrthq,0,65,32.82828282828283
5qrthq,-1,44,22.22222222222222
mzm7zj,1,102,42.67782426778243
mzm7zj,0,83,34.72803347280335
mzm7zj,-1,54,22.594142259414227
ikdybx,1,123,43.309859154929576
ikdybx,0,98,34.50704225352113
ikdybx,-1,63,22.183098591549296
ickg4v,1,139,45.57377049180328
ickg4v,0,101,33.114754098360656
ickg4v,-1,65,21.311475409836063
jmj1i9,1,145,45.03105590062112
jmj1i9,0,108,33.54037267080746
jmj1i9,-1,69,21.428571428571427
ii1fhq,1,148,44.17910447761194
ii1fhq,0,115,34.32835820895522
ii1fhq,-1,72,21.492537313432834
