submission_id,label,comment_ditribution,comment_percentage
eubjfc,1,36,39.56043956043956
eubjfc,0,28,30.76923076923077
eubjfc,-1,27,29.67032967032967
l18yys,1,57,33.52941176470588
l18yys,0,57,33.52941176470588
l18yys,-1,56,32.94117647058823
7ej943,1,91,36.4
7ej943,0,80,32.0
7ej943,-1,79,31.6
mv0fzt,1,109,37.07482993197279
mv0fzt,0,96,32.6530612244898
mv0fzt,-1,89,30.272108843537417
84aebi,1,137,37.12737127371274
84aebi,0,119,32.24932249322493
84aebi,-1,113,30.62330623306233
j3oj21,1,187,39.53488372093023
j3oj21,0,150,31.712473572938688
j3oj21,-1,136,28.752642706131077
jqfm3b,1,214,39.41068139963168
jqfm3b,0,172,31.675874769797424
jqfm3b,-1,157,28.913443830570902
dp5lr1,1,239,40.85470085470085
dp5lr1,0,178,30.427350427350426
dp5lr1,-1,168,28.717948717948715
dfn3yi,1,264,41.1214953271028
dfn3yi,0,198,30.8411214953271
dfn3yi,-1,180,28.037383177570092
jptqj9,1,301,41.51724137931034
jptqj9,0,229,31.586206896551722
jptqj9,-1,195,26.89655172413793
