submission_id,label,comment_ditribution,comment_percentage
jrskag,1,30,51.724137931034484
jrskag,0,19,32.758620689655174
jrskag,-1,9,15.517241379310345
gyzw2p,1,45,43.689320388349515
gyzw2p,0,39,37.86407766990291
gyzw2p,-1,19,18.446601941747574
gbirtf,1,59,40.136054421768705
gbirtf,0,55,37.41496598639456
gbirtf,-1,33,22.448979591836736
l7afyx,1,90,40.35874439461883
l7afyx,0,85,38.11659192825112
l7afyx,-1,48,21.524663677130047
so0ree,1,108,38.028169014084504
so0ree,0,101,35.563380281690144
so0ree,-1,75,26.408450704225352
aic7pm,1,127,37.24340175953079
aic7pm,0,120,35.19061583577713
aic7pm,-1,94,27.56598240469208
liqvh2,1,170,38.63636363636363
liqvh2,0,150,34.090909090909086
liqvh2,-1,120,27.27272727272727
jo0hzx,1,226,40.794223826714806
jo0hzx,0,175,31.5884476534296
jo0hzx,-1,153,27.617328519855594
qfozej,1,271,41.88562596599691
qfozej,0,210,32.45749613601237
qfozej,-1,166,25.656877897990725
g6zci5,1,301,42.695035460992905
g6zci5,0,229,32.4822695035461
g6zci5,-1,175,24.822695035460992
