submission_id,label,comment_ditribution,comment_percentage
jptq5n,1,118,41.11498257839721
jptq5n,0,104,36.23693379790941
jptq5n,-1,65,22.64808362369338
i19sjg,1,128,36.36363636363637
i19sjg,0,118,33.52272727272727
i19sjg,-1,106,30.113636363636363
krntg6,1,160,36.281179138321995
krntg6,0,151,34.24036281179138
krntg6,-1,130,29.47845804988662
i9161a,1,183,36.16600790513834
i9161a,0,177,34.980237154150196
i9161a,-1,146,28.85375494071146
ecm1zg,1,288,36.97047496790758
ecm1zg,0,263,33.761232349165596
ecm1zg,-1,228,29.268292682926827
h7ic8s,1,303,36.24401913875598
h7ic8s,0,271,32.41626794258373
h7ic8s,-1,262,31.33971291866029
jsi48r,1,340,36.637931034482754
jsi48r,0,299,32.2198275862069
jsi48r,-1,289,31.14224137931034
l1k8xa,1,361,36.1
l1k8xa,0,332,33.2
l1k8xa,-1,307,30.7
jcm5dz,1,384,36.46723646723647
jcm5dz,0,349,33.14339981006648
jcm5dz,-1,320,30.389363722697055
l1ynt4,1,408,36.92307692307693
l1ynt4,0,357,32.30769230769231
l1ynt4,-1,340,30.76923076923077
