submission_id,label,comment_ditribution,comment_percentage
901p5f,1,25,45.45454545454545
901p5f,0,21,38.18181818181819
901p5f,-1,9,16.363636363636363
t1o8wq,1,54,38.57142857142858
t1o8wq,0,50,35.714285714285715
t1o8wq,-1,36,25.71428571428571
fi91qc,1,78,43.82022471910113
fi91qc,0,56,31.46067415730337
fi91qc,-1,44,24.719101123595504
t20u4i,1,105,42.168674698795186
t20u4i,0,80,32.1285140562249
t20u4i,-1,64,25.702811244979916
t3pgaz,1,135,42.99363057324841
t3pgaz,0,94,29.936305732484076
t3pgaz,-1,85,27.070063694267514
eclwg9,1,149,42.090395480225986
eclwg9,0,103,29.09604519774011
eclwg9,-1,102,28.8135593220339
4d75i7,1,178,42.58373205741627
4d75i7,0,128,30.62200956937799
4d75i7,-1,112,26.794258373205743
k4qide,1,192,41.55844155844156
k4qide,0,144,31.16883116883117
k4qide,-1,126,27.27272727272727
t0b6fb,1,205,40.5940594059406
t0b6fb,0,156,30.89108910891089
t0b6fb,-1,144,28.51485148514851
t1f287,1,226,40.0
t1f287,0,177,31.327433628318584
t1f287,-1,162,28.67256637168142
